{"f1_score": 0.8172043010752689, "roc_auc_score": 0.834717607973422}