{"f1_score": 0.7741935483870969, "roc_auc_score": 0.7936046511627908}